round,mean,std,min,max,l2_norm
0,4.809052600585062e-10,0.16366606950759888,-1.6863315105438232,1.7019869089126587,142.07589721679688
