round,mean_runtime_s
1,29.76849573775071
2,29.209141526573877
3,29.008572046001426
4,29.39748074675081
5,28.944338678650457
